category,priority,recommendation,status,estimated_impact
Revenue Optimization,1,Allocate 40% of marketing budget to Electronics category (current top performer),Proposed,High
Revenue Optimization,2,Develop growth strategy for Books - potential 25% revenue increase,Proposed,High
Revenue Optimization,3,Create product bundles between Electronics and Sports categories,Proposed,Medium
Revenue Optimization,4,ğŸ’° Implement surge pricing during peak periods like November 2023,Proposed,Medium
Revenue Optimization,5,ğŸª Launch flash sales during low-performing months to boost revenue,Proposed,Medium
Customer Retention & Growth,1,ğŸš¨ URGENT: Create win-back campaign for 411 at-risk customers,Proposed,High
Customer Retention & Growth,2,ğŸ† Develop exclusive VIP program for Champions segment (highest value customers),Proposed,High
Customer Retention & Growth,3,ğŸ“§ Implement automated email sequences for each customer segment,Proposed,Medium
Customer Retention & Growth,4,ğŸ Create loyalty point system to increase purchase frequency by 20%,Proposed,Medium
Customer Retention & Growth,5,Set up churn prediction alerts for early intervention,Proposed,Medium
Digital Experience Enhancement,1,ğŸ“± PRIORITY: Mobile-first redesign (serves 59.3% of customers),Proposed,High
Digital Experience Enhancement,2,âš¡ Optimize mobile checkout - target 15% conversion improvement,Proposed,High
Digital Experience Enhancement,3,ğŸ’³ Promote preferred payment methods (Credit Card usage optimization),Proposed,Medium
Digital Experience Enhancement,4,ğŸŒŸ Address rating concerns - target 4.5/5.0 satisfaction score,Proposed,Medium
Digital Experience Enhancement,5,ğŸ” Implement personalized product recommendations,Proposed,Medium
Geographic & Market Expansion,1,ğŸŒ Focus expansion on North America (highest revenue region),Proposed,High
Geographic & Market Expansion,2,ğŸ“Š Develop localized marketing for underperforming regions,Proposed,High
Geographic & Market Expansion,3,ğŸšš Optimize shipping costs and delivery times internationally,Proposed,Medium
Geographic & Market Expansion,4,Create region-specific product catalogs and pricing,Proposed,Medium
Geographic & Market Expansion,5,ğŸ“± Implement local payment methods for each region,Proposed,Medium
Operational Excellence,1,ğŸ“Š Implement real-time sales monitoring dashboard,Proposed,High
Operational Excellence,2,ğŸ¤– Automate inventory management based on seasonal patterns,Proposed,High
Operational Excellence,3,Set up advanced analytics for predictive forecasting,Proposed,Medium
Operational Excellence,4,âš¡ Create automated reporting for all stakeholder levels,Proposed,Medium
Operational Excellence,5,Establish monthly business review processes,Proposed,Medium
